Weight	Nested	Procedure	Trigger	image
1		faces	13	meg/u118.bmp
1		faces	17	meg/s066.bmp
1		faces	18	meg/s066.bmp
1		faces	17	meg/s005.bmp
1		faces	5	meg/f127.bmp
1		faces	17	meg/s008.bmp
1		faces	17	meg/s018.bmp
1		faces	18	meg/s018.bmp
1		faces	15	meg/u118.bmp
1		faces	5	meg/f063.bmp
1		faces	6	meg/f063.bmp
1		faces	17	meg/s107.bmp
1		faces	18	meg/s107.bmp
1		faces	19	meg/s005.bmp
1		faces	17	meg/s057.bmp
1		faces	18	meg/s057.bmp
1		faces	7	meg/f127.bmp
1		faces	13	meg/u015.bmp
1		faces	19	meg/s008.bmp
1		faces	13	meg/u063.bmp
1		faces	13	meg/u124.bmp
1		faces	14	meg/u124.bmp
1		faces	13	meg/u025.bmp
1		faces	5	meg/f013.bmp
1		faces	6	meg/f013.bmp
1		faces	5	meg/f134.bmp
1		faces	6	meg/f134.bmp
1		faces	15	meg/u015.bmp
1		faces	17	meg/s075.bmp
1		faces	15	meg/u063.bmp
1		faces	5	meg/f111.bmp
1		faces	17	meg/s081.bmp
1		faces	15	meg/u025.bmp
1		faces	17	meg/s034.bmp
1		faces	18	meg/s034.bmp
1		faces	13	meg/u077.bmp
1		faces	14	meg/u077.bmp
1		faces	13	meg/u095.bmp
1		faces	14	meg/u095.bmp
1		faces	19	meg/s075.bmp
1		faces	5	meg/f131.bmp
1		faces	7	meg/f111.bmp
1		faces	5	meg/f089.bmp
1		faces	19	meg/s081.bmp
1		faces	17	meg/s015.bmp
1		faces	18	meg/s015.bmp
1		faces	13	meg/u045.bmp
1		faces	5	meg/f112.bmp
1		faces	5	meg/f076.bmp
1		faces	6	meg/f076.bmp
1		faces	7	meg/f131.bmp
1		faces	5	meg/f068.bmp
1		faces	7	meg/f089.bmp
1		faces	13	meg/u130.bmp
1		faces	14	meg/u130.bmp
1		faces	13	meg/u138.bmp
1		faces	15	meg/u045.bmp
1		faces	13	meg/u041.bmp
1		faces	7	meg/f112.bmp
1		faces	13	meg/u044.bmp
1		faces	13	meg/u053.bmp
1		faces	7	meg/f068.bmp
1		faces	13	meg/u016.bmp
1		faces	14	meg/u016.bmp
1		faces	17	meg/s054.bmp
1		faces	18	meg/s054.bmp
1		faces	15	meg/u138.bmp
1		faces	5	meg/f045.bmp
1		faces	6	meg/f045.bmp
1		faces	15	meg/u041.bmp
1		faces	13	meg/u121.bmp
1		faces	15	meg/u044.bmp
1		faces	17	meg/s084.bmp
1		faces	18	meg/s084.bmp
1		faces	15	meg/u053.bmp
1		faces	5	meg/f120.bmp
1		faces	17	meg/s044.bmp
1		faces	5	meg/f015.bmp
1		faces	6	meg/f015.bmp
1		faces	5	meg/f079.bmp
1		faces	6	meg/f079.bmp
1		faces	15	meg/u121.bmp
1		faces	17	meg/s104.bmp
1		faces	17	meg/s070.bmp
1		faces	18	meg/s070.bmp
1		faces	7	meg/f120.bmp
1		faces	13	meg/u088.bmp
1		faces	14	meg/u088.bmp
1		faces	19	meg/s044.bmp
1		faces	5	meg/f023.bmp
1		faces	6	meg/f023.bmp
1		faces	5	meg/f011.bmp
1		faces	17	meg/s048.bmp
1		faces	18	meg/s048.bmp
1		faces	19	meg/s104.bmp
1		faces	17	meg/s053.bmp
1		faces	5	meg/f022.bmp
1		faces	5	meg/f146.bmp
1		faces	17	meg/s065.bmp
1		faces	7	meg/f011.bmp
1		faces	17	meg/s045.bmp
1		faces	17	meg/s013.bmp
1		faces	18	meg/s013.bmp
1		faces	19	meg/s053.bmp
1		faces	13	meg/u141.bmp
1		faces	14	meg/u141.bmp
1		faces	7	meg/f022.bmp
1		faces	13	meg/u133.bmp
1		faces	7	meg/f146.bmp
1		faces	5	meg/f141.bmp
1		faces	19	meg/s065.bmp
1		faces	17	meg/s106.bmp
1		faces	19	meg/s045.bmp
1		faces	5	meg/f053.bmp
1		faces	6	meg/f053.bmp
1		faces	17	meg/s094.bmp
1		faces	18	meg/s094.bmp
1		faces	5	meg/f036.bmp
1		faces	6	meg/f036.bmp
1		faces	15	meg/u133.bmp
1		faces	13	meg/u060.bmp
1		faces	14	meg/u060.bmp
1		faces	7	meg/f141.bmp
1		faces	13	meg/u042.bmp
1		faces	14	meg/u042.bmp
1		faces	19	meg/s106.bmp
1		faces	13	meg/u127.bmp
1		faces	14	meg/u127.bmp
1		faces	13	meg/u117.bmp
1		faces	14	meg/u117.bmp
1		faces	13	meg/u035.bmp
1		faces	5	meg/f032.bmp
1		faces	17	meg/s112.bmp
1		faces	5	meg/f121.bmp
1		faces	13	meg/u080.bmp
1		faces	5	meg/f091.bmp
1		faces	6	meg/f091.bmp
1		faces	15	meg/u035.bmp
1		faces	17	meg/s027.bmp
1		faces	7	meg/f032.bmp
1		faces	17	meg/s010.bmp
1		faces	19	meg/s112.bmp
1		faces	5	meg/f143.bmp
1		faces	6	meg/f143.bmp
1		faces	7	meg/f121.bmp
1		faces	13	meg/u047.bmp
1		faces	14	meg/u047.bmp
1		faces	15	meg/u080.bmp
